{"version":"2022.1.1","options":{"version":"2022.1.1","cstn":"Properties,Events,ReportTree,Data,Preview","bands":"ReportTitleBand,ReportSummaryBand,PageHeaderBand,PageFooterBand,ColumnHeaderBand,ColumnFooterBand,DataHeaderBand,DataBand,DataFooterBand,GroupHeaderBand,GroupFooterBand,ChildBand,OverlayBand","components":"TextObject,PictureObject,ShapeObject,PolygonObject,PolyLineObject,LineObject,SubreportObject,TableObject,MatrixObject,AdvMatrixObject,BarcodeObject,RichObject,CheckBoxObject,CellularTextObject,LinearGauge,SimpleGauge,RadialGauge,SimpleProgressGauge,HtmlObject,SVGObject,ContainerObject,DigitalSignatureObject","controls":"ButtonControl,CheckBoxControl,CheckedListBoxControl,ComboBoxControl,DateTimePickerControl,LabelControl,ListBoxControl,MonthCalendarControl,RadioButtonControl,TextBoxControl","theme":"classic","cstnDefaultContainerWidth":200,"cstnVertCntrWidth":200,"cstnVertCntrCentrify":false,"cstnHorzCntrHeight":200,"edition":"full","code":true,"hotkey":true,"key":"2d88d02d86c730e66bfc31bf5577724f","guides":true,"ruler":true,"bandHorzResizer":true,"positionBlock":true,"contextMenu":true,"dblclick":true,"autoScale":false,"withCrop":false,"webfonts":false,"workflowEnabled":true,"splitTexts":false,"joinTexts":false,"manageMask":false,"manageBackground":false,"selectComponents":true,"focusComponents":true,"previewWidth":125,"previewTable":true,"addBands":true,"sortBands":true,"resizeBands":true,"showBandTitle":true,"enablePreviewButton":true,"moveComponents":true,"resizeComponents":true,"cstnToggler":true,"notifications":"default","gridEnabled":true,"readonly":false,"additionalCfgStr":"","apiSaveReport":"/_fr/designer.saveReport?reportId=#{id}","apiMakePreview":"/_fr/designer.previewReport?reportId=#{id}","apiGetReport":"/_fr/designer.getReport?reportId=#{id}&v=#{rand_hash}","apiGetFunctions":"/_fr/designer.getFunctions?reportId=#{id}","apiGetCustomConfig":"/_fr/designer.getConfig?reportId=#{id}","apiGetConnectionTypes":"/_fr/designer.getConnectionTypes","apiGetConnectionTables":"/_fr/designer.getConnectionTables?connectionType=#{connectionType}&connectionString=#{connectionString}","apiGetConnectionStringProperties":"/_fr/designer.getConnectionStringProperties?connectionType=#{connectionType}&connectionString=#{connectionString}","apiMakeConnectionString":"/_fr/designer.makeConnectionString?connectionType=#{connectionType}","customFontsUrl":"","hostAPI":"","rtcHost":"localhost:8001","saveSuccessRedirectUrl":null,"saveSuccessRedirectBlank":false,"saveSuccessRedirectUseParent":true,"saveSuccessRedirectRemoveConfirmation":true,"confirmBeforeExit":true,"movablePopups":true}}